Month,50th percentile,90th percentile,Average,PRs,% meeting SLA (720 mins)
2017-07,754.266666667,4071.47666667,1321.92173913,69,0.492753623188
2017-08,870.466666667,3049.03333333,1259.05749601,209,0.430622009569
2017-09,467.883333333,1150.55,598.813438045,191,0.685863874346
2017-10,741.666666667,2072.86666667,1172.66832642,241,0.448132780083
2017-11,826.0,1976.64333333,1156.03586041,277,0.285198555957
