Month,50th percentile,90th percentile,Average,PRs,% meeting SLA (60 mins)
2017-04,128080.16666666667,128080.16666666667,128080.16666666667,1,0.0
2017-05,299.0916666666667,824.89833333333297,442.5383333333333,10,0.20000000000000001
2017-06,30.483333333333334,5430.0083333333332,2963.4070175438592,76,0.65789473684210531
2017-07,13.675000000000001,490.59166666666658,222.09423076923079,52,0.75
2017-08,14.766666666666667,888.0633333333343,397.89326599326603,99,0.85858585858585856
2017-09,26.699999999999999,99.570000000000007,71.531168831168856,77,0.83116883116883122
2017-10,29.016666666666666,208.41666666666666,442.56975308641978,81,0.79012345679012341
2017-11,22.666666666666668,75.673333333333346,280.70638629283496,107,0.85046728971962615
