Month,PRs,50th percentile,90th percentile,Average,% meeting SLA (60 mins)
2017-04,1,128080.16666666667,128080.16666666667,128080.16666666667,0.0
2017-06,6,26998.349999999999,48561.524999999994,29387.413888888888,0.0
2017-07,52,13.675000000000001,490.59166666666658,222.09423076923079,0.75
2017-08,99,14.766666666666667,888.0633333333343,397.89326599326603,0.85858585858585856
2017-09,77,26.699999999999999,99.570000000000007,71.531168831168856,0.83116883116883122
2017-10,81,29.016666666666666,208.41666666666666,442.56975308641978,0.79012345679012341
2017-11,107,22.666666666666668,75.673333333333346,280.70638629283496,0.85046728971962615
