Month,50th percentile,90th percentile,Average,% meeting SLA (720 mins)
2017-06,11964.483333333334,19821.960000000003,17544.71989247312,0.018433179723502304
2017-07,4024.6500000000001,11800.616666666669,13863.383187560739,0.13994169096209913
2017-08,1426.4333333333334,3517.0500000000002,3024.3274403470714,0.30585683297180044
2017-09,477.96666666666664,1156.9666666666667,1386.6628436426117,0.60309278350515461
2017-10,754.66666666666663,4674.503333333334,2310.0018621973927,0.33333333333333331
2017-11,1074.1500000000001,4863.2450000000008,4846.6178697183104,0.21830985915492956
