Month,50th percentile,90th percentile,Average,PRs,% meeting SLA (60 mins)
2017-04,128080.166667,128080.166667,128080.166667,1,0.0
2017-05,37.45,37.45,37.45,1,1.0
2017-06,32.4416666667,5455.81166667,3043.13513514,74,0.648648648649
2017-07,13.675,490.591666667,222.094230769,52,0.75
2017-08,14.7666666667,888.063333333,397.893265993,99,0.858585858586
2017-09,26.7,99.57,71.5311688312,77,0.831168831169
2017-10,29.0166666667,208.416666667,442.569753086,81,0.79012345679
2017-11,22.6666666667,75.6733333333,280.706386293,107,0.85046728972
