Month,50th percentile,90th percentile,Average,PRs,% meeting SLA (720 mins)
2017-07,754.26666666666665,4071.4766666666674,1321.9217391304346,69,0.49275362318840582
2017-08,870.4666666666667,3049.0333333333333,1259.0574960127592,209,0.43062200956937802
2017-09,467.88333333333333,1150.55,598.81343804537528,191,0.68586387434554974
2017-10,741.66666666666663,2072.8666666666668,1172.6683264177038,241,0.44813278008298757
2017-11,826.0,1976.6433333333337,1156.0358604091457,277,0.2851985559566787
