Month,PRs,50th percentile,90th percentile,Average,% meeting SLA (720 mins)
2017-07,206,1148.8916666666667,5601.416666666667,15017.632605177996,0.32524271844660196
2017-08,460,1110.325,3114.7833333333338,2771.7937318840582,0.36956521739130432
2017-09,388,477.96666666666664,1156.9666666666667,1386.6628436426117,0.60309278350515461
2017-10,537,754.66666666666663,4674.503333333334,2310.0018621973927,0.33333333333333331
2017-11,568,991.7833333333333,2732.436666666667,4603.6061913145531,0.24647887323943662
