Month,50th percentile,90th percentile,Average,% meeting SLA (60 mins)
2017-03,20.933333333333334,20.933333333333334,20.933333333333334,1.0
2017-05,180.03333333333333,1723.7366666666671,466.37777777777774,0.16666666666666666
2017-06,17.75,5802.0116666666709,2521.133908045977,0.67241379310344829
2017-07,10.766666666666667,501.10333333333517,218.99844961240308,0.83720930232558144
2017-08,14.699999999999999,922.88666666666563,401.71360544217686,0.8571428571428571
2017-09,26.699999999999999,99.570000000000007,71.531168831168841,0.83116883116883122
2017-10,29.016666666666666,208.41666666666666,442.56975308641978,0.79012345679012341
2017-11,22.841666666666669,87.483333333333405,321.41068840579703,0.84782608695652173
