Month,50th percentile,90th percentile,Average,PRs,% meeting SLA (720 mins)
2017-07,754.26666666666665,4071.4766666666674,1321.9217391304348,69,0.49275362318840582
2017-08,870.4666666666667,3049.0333333333333,1259.0574960127594,209,0.43062200956937802
2017-09,467.88333333333333,1150.55,598.81343804537528,191,0.68586387434554974
2017-10,741.66666666666663,2072.8666666666668,1172.6683264177038,241,0.44813278008298757
2017-11,826.0,1976.6433333333337,1156.0358604091455,277,0.2851985559566787
2017-12,324.17500000000001,1293.1816666666678,677.08840579710125,92,0.83695652173913049
2018-01,1573.1833333333334,3719.0500000000002,1997.3999999999999,3,0.33333333333333331
